Categoría,Fecha,Hora,Instalación / Pista,Jornada,Equipo Local,Equipo Visitante,Resultado,Mapa
Benjamín Negro,26/09/2026,11:00,P. MELILLA,JORNADA 1,LLOPS VILA-REAL,DRAGONS EL PUIG NEGRO,1 - 9,https://maps.app.goo.gl/VZUJ5f7LFes9GiqQ8
Alevín Negro,18/10/2026,13:30,P. INTERNUCLEOS - EL CIELO,JORNADA 3,ALAS SAGUNTO,DRAGONS EL PUIG NEGRO,-,https://maps.app.goo.gl/aWj5CwgSwxuQ6myj7
Alevín Negro,24/10/2026,,P. LA PEDRERA,J 4,DRAGONS EL PUIG NEGRO,DIABLOS MISLATA,-,https://maps.app.goo.gl/dhQK2rf12uF7xLHV7
Alevín Negro,8/11/2026,,P. LA PEDRERA,JORNADA 5,DRAGONS EL PUIG NEGRO,SKULLS ALPHA,-,https://maps.app.goo.gl/dhQK2rf12uF7xLHV7
Benjamín Negro,6/11/2026,18:00,P. LA PEDRERA,JORNADA 5,DRAGONS EL PUIG NEGRO,SKULLS ALPHA,-,https://maps.app.goo.gl/dhQK2rf12uF7xLHV7
Benjamín Negro,7/11/2026,20:30,P. LA PEDRERA,JORNADA 5,DRAGONS EL PUIG NEGRO,SKULLS 2016,-,https://maps.app.goo.gl/dhQK2rf12uF7xLHV7
Benjamín Negro,14/11/2026,,P. M. DE BORRIOL,JORNADA 6,DINOS BORRIOL,DRAGONS EL PUIG NEGRO,-,https://maps.app.goo.gl/eSokdKuVDhSR7gbM8
Alevín Negro,21/11/2026,,P. LA PEDRERA,J 7,DRAGONS EL PUIG NEGRO,HC CASTELLÓN,-,https://maps.app.goo.gl/dhQK2rf12uF7xLHV7
Alevín Negro,29/11/2026,,P. CECILIO GALLEGO,J 8,HALCONES TORREVIEJA,DRAGONS EL PUIG NEGRO,-,https://maps.app.goo.gl/KK4kzUyKf1AbL8247
Benjamín Negro,29/11/2026,,P. CECILIO GALLEGO,JORNADA 8,HALCONES TORREVIEJA,DRAGONS EL PUIG NEGRO,-,https://maps.app.goo.gl/KK4kzUyKf1AbL8247
Benjamín Negro,19/12/2026,,P. LA PEDRERA,JORNADA 10,DRAGONS EL PUIG NEGRO,LLOPS VILA-REAL,-,https://maps.app.goo.gl/dhQK2rf12uF7xLHV7
Alevín Negro,16/01/2027,,P. LA PEDRERA,J 12,DRAGONS EL PUIG NEGRO,ALAS SAGUNTO,-,https://maps.app.goo.gl/dhQK2rf12uF7xLHV7
Alevín Negro,23/01/2027,,P. LA CANALETA,JORNADA 13,DIABLOS MISLATA,DRAGONS EL PUIG NEGRO,-,https://maps.app.goo.gl/r2DbS6hWgpo3F9eJ8
Alevín Negro,30/01/2027,,P.H. ALMÀSSERA,J 14,SKULLS ALPHA,DRAGONS EL PUIG NEGRO,-,https://maps.app.goo.gl/1oF4oZr43armdFBi6
Benjamín Negro,30/01/2027,,P.H. ALMÀSSERA,JORNADA 14,SKULLS ALPHA,DRAGONS EL PUIG NEGRO,-,https://maps.app.goo.gl/1oF4oZr43armdFBi6
Benjamín Negro,30/01/2027,,P.H. ALMÀSSERA,JORNADA 14,SKULLS 2016,DRAGONS EL PUIG NEGRO,-,https://maps.app.goo.gl/1oF4oZr43armdFBi6
Benjamín Negro,13/02/2027,,P. LA PEDRERA,JORNADA 15,DRAGONS EL PUIG NEGRO,DINOS BORRIOL,-,https://maps.app.goo.gl/dhQK2rf12uF7xLHV7
Alevín Negro,20/02/2027,,I.D. GAETÁ HUGUET,J 16,HC CASTELLÓN,DRAGONS EL PUIG NEGRO,-,https://maps.app.goo.gl/YuYMACh4mZR5LQ7E8
Alevín Negro,27/02/2027,,P. LA PEDRERA,J 17,DRAGONS EL PUIG NEGRO,HALCONES TORREVIEJA,-,https://maps.app.goo.gl/dhQK2rf12uF7xLHV7
Benjamín Negro,27/02/2027,,P. LA PEDRERA,JORNADA 17,DRAGONS EL PUIG NEGRO,HALCONES TORREVIEJA,-,https://maps.app.goo.gl/dhQK2rf12uF7xLHV7
Benjamín Blanco,3/10/2026,18:15,P. LA PEDRERA,JORNADA 2,DRAGONS EL PUIG BLANCO,TAURONS NULES OROPESA,4 - 2,https://maps.app.goo.gl/dhQK2rf12uF7xLHV7
Benjamín Blanco,3/10/2026,,P. INTERNUCLEOS - EL CIELO,JORNADA 3,ALAS SAGUNTO,DRAGONS EL PUIG BLANCO,APLAZADO,https://maps.app.goo.gl/aWj5CwgSwxuQ6myj7
Benjamín Blanco,24/10/2026,,P. LA PEDRERA,J 4,DRAGONS EL PUIG BLANCO,DIABLOS MISLATA,-,https://maps.app.goo.gl/dhQK2rf12uF7xLHV7
Benjamín Blanco,7/11/2026,19:30,P. LA PEDRERA,JORNADA 5,DRAGONS EL PUIG BLANCO,SKULLS 2017,-,https://maps.app.goo.gl/dhQK2rf12uF7xLHV7
Benjamín Blanco,21/11/2026,,P. LA PEDRERA,J 7,DRAGONS EL PUIG BLANCO,HC CASTELLÓN,-,https://maps.app.goo.gl/dhQK2rf12uF7xLHV7
Benjamín Blanco,12/12/2026,,P. LA PEDRERA,J 9,DRAGONS EL PUIG BLANCO,TITANES ELCHE,-,https://maps.app.goo.gl/dhQK2rf12uF7xLHV7
Benjamín Blanco,9/01/2027,,C.P. JAUME I,JORNADA 11,TAURONS NULES OROPESA,DRAGONS EL PUIG BLANCO,-,
Benjamín Blanco,16/01/2027,,P. LA PEDRERA,J 12,DRAGONS EL PUIG BLANCO,ALAS SAGUNTO,-,https://maps.app.goo.gl/dhQK2rf12uF7xLHV7
Benjamín Blanco,23/01/2027,,P. LA CANALETA,JORNADA 13,DIABLOS MISLATA,DRAGONS EL PUIG BLANCO,-,https://maps.app.goo.gl/r2DbS6hWgpo3F9eJ8
Benjamín Blanco,30/01/2027,,P.H. ALMÀSSERA,J 14,SKULLS 2017,DRAGONS EL PUIG BLANCO,-,https://maps.app.goo.gl/1oF4oZr43armdFBi6
Benjamín Blanco,20/02/2027,,I.D. GAETÁ HUGUET,J 16,HC CASTELLÓN,DRAGONS EL PUIG BLANCO,-,https://maps.app.goo.gl/YuYMACh4mZR5LQ7E8
Benjamín Blanco,6/03/2027,,P. EL TOSCAR,JORNADA 18,TITANES ELCHE,DRAGONS EL PUIG BLANCO,-,https://maps.app.goo.gl/B3vF5ZpU5B4inDJv6
Alevín Blanco,26/09/2026,12.00,P. MELILLA,JORNADA 1,LLOPS VILA-REAL,DRAGONS EL PUIG BLANCO,8 - 1,https://maps.app.goo.gl/VZUJ5f7LFes9GiqQ8
Alevín Blanco,3/10/2026,17:00,P. LA PEDRERA,JORNADA 2,DRAGONS EL PUIG BLANCO,TAURONS NULES OROPESA,6 - 5,https://maps.app.goo.gl/dhQK2rf12uF7xLHV7
Alevín Blanco,8/11/2026,,P. LA PEDRERA,JORNADA 5,DRAGONS EL PUIG BLANCO,SKULLS 2015,,https://maps.app.goo.gl/dhQK2rf12uF7xLHV7
Alevín Blanco,6/11/2026,20:15,P. LA PEDRERA,JORNADA 5,DRAGONS EL PUIG BLANCO,SKULLS 2014,,https://maps.app.goo.gl/dhQK2rf12uF7xLHV7
Alevín Blanco,14/11/2026,,P. M. DE BORRIOL,JORNADA 6,DINOS BORRIOL,DRAGONS EL PUIG BLANCO,,https://maps.app.goo.gl/eSokdKuVDhSR7gbM8
Alevín Blanco,12/12/2026,,P. LA PEDRERA,JORNADA 9,DRAGONS EL PUIG BLANCO,TITANES ELCHE,,https://maps.app.goo.gl/dhQK2rf12uF7xLHV7
Alevín Blanco,19/12/2026,,P. LA PEDRERA,JORNADA 10,DRAGONS EL PUIG BLANCO,LLOPS VILA-REAL,,https://maps.app.goo.gl/dhQK2rf12uF7xLHV7
Alevín Blanco,09/01/2027,,C.P. JAUME I,JORNADA 11,TAURONS NULES OROPESA,DRAGONS EL PUIG BLANCO,,
Alevín Blanco,30/01/2027,,P.H. ALMÀSSERA,JORNADA 14,SKULLS 2014,DRAGONS EL PUIG BLANCO,,https://maps.app.goo.gl/1oF4oZr43armdFBi6
Alevín Blanco,30/01/2027,,P.H. ALMÀSSERA,JORNADA 14,SKULLS 2015,DRAGONS EL PUIG BLANCO,,https://maps.app.goo.gl/1oF4oZr43armdFBi6
Alevín Blanco,13/02/2027,,P. LA PEDRERA,JORNADA 15,DRAGONS EL PUIG BLANCO,DINOS BORRIOL,,https://maps.app.goo.gl/dhQK2rf12uF7xLHV7
Alevín Blanco,06/03/2027,,P. EL TOSCAR,JORNADA 18,TITANES ELCHE,DRAGONS EL PUIG BLANCO,,https://maps.app.goo.gl/B3vF5ZpU5B4inDJv6
PreBenjamín,26/09/2026,10:00,P. Melilla,J1,Llops Vila-real,Dragons El Puig,1 - 9,https://maps.app.goo.gl/VZUJ5f7LFes9GiqQ8
PreBenjamín,3/10/2026,16:00,P. La Pedrera,JORNADA 2,Dragons El Puig,Taurons Nules Oropesa,10 - 4,https://maps.app.goo.gl/dhQK2rf12uF7xLHV7
PreBenjamín,3/10/2026,,P. Internucleos - El Cielo,JORNADA 3,Alas Sagunto,Dragons El Puig,APLAZADO,https://maps.app.goo.gl/aWj5CwgSwxuQ6myj7
PreBenjamín,24/10/2026,,P. La Pedrera,J4,Dragons El Puig,Diablos Mislata,,https://maps.app.goo.gl/dhQK2rf12uF7xLHV7
PreBenjamín,7/11/2026,16:00,P. La Pedrera,JORNADA 5,Dragons El Puig,Skulls Almassera,,https://maps.app.goo.gl/dhQK2rf12uF7xLHV7
PreBenjamín,14/11/2026,,P. M. de Borriol,J6,Dinos Borriol,Dragons El Puig,,https://maps.app.goo.gl/eSokdKuVDhSR7gbM8
PreBenjamín,29/11/2026,,P. Cecilio Gallego,J8,Halcones Torrevieja,Dragons El Puig,,https://maps.app.goo.gl/KK4kzUyKf1AbL8247
PreBenjamín,19/12/2026,,P. La Pedrera,J10,Dragons El Puig,Llops Vila-real,,https://maps.app.goo.gl/dhQK2rf12uF7xLHV7
PreBenjamín,9/01/2027,,C.P. JAUME I,JORNADA 11,Taurons Nules Oropesa,Dragons El Puig,,
PreBenjamín,16/01/2027,,P. La Pedrera,J12,Dragons El Puig,Alas Sagunto,,https://maps.app.goo.gl/dhQK2rf12uF7xLHV7
PreBenjamín,23/01/2027,,P. La Canaleta,JORNADA 13,Diablos Mislata,Dragons El Puig,,https://maps.app.goo.gl/r2DbS6hWgpo3F9eJ8
PreBenjamín,30/01/2027,,P.H. ALMÀSSERA,J14,Skulls Almassera,Dragons El Puig,,https://maps.app.goo.gl/1oF4oZr43armdFBi6
PreBenjamín,13/02/2027,,P. La Pedrera,J15,Dragons El Puig,Dinos Borriol,,https://maps.app.goo.gl/dhQK2rf12uF7xLHV7
PreBenjamín,27/02/2027,,P. La Pedrera,J17,Dragons El Puig,Halcones Torrevieja,,https://maps.app.goo.gl/dhQK2rf12uF7xLHV7
Infantil,26/09/2026,13:15,P. MELILLA,JORNADA 1,LLOPS VILA-REAL,DRAGONS EL PUIG,0 - 7,https://maps.app.goo.gl/VZUJ5f7LFes9GiqQ8
Infantil,18/10/2026,12:15,P. INTERNUCLEOS - EL CIELO,JORNADA 3,ALAS SAGUNTO,DRAGONS EL PUIG,,https://maps.app.goo.gl/aWj5CwgSwxuQ6myj7
Infantil,24/10/2026,,P. LA PEDRERA,JORNADA 4,DRAGONS EL PUIG,DIABLOS MISLATA,,https://maps.app.goo.gl/dhQK2rf12uF7xLHV7
Infantil,6/11/2026,19:00,P. LA PEDRERA,JORNADA 5,DRAGONS EL PUIG,SKULLS ALPHA,,https://maps.app.goo.gl/dhQK2rf12uF7xLHV7
Infantil,7/11/2026,17:00,P. LA PEDRERA,JORNADA 5,DRAGONS EL PUIG,SKULLS BETA,,https://maps.app.goo.gl/dhQK2rf12uF7xLHV7
Infantil,14/11/2026,,P. M. DE BORRIOL,JORNADA 6,DINOS BORRIOL,DRAGONS EL PUIG,,https://maps.app.goo.gl/eSokdKuVDhSR7gbM8
Infantil,21/11/2026,,P. LA PEDRERA,JORNADA 7,DRAGONS EL PUIG,HC CASTELLÓN,,https://maps.app.goo.gl/dhQK2rf12uF7xLHV7
Infantil,29/11/2026,,P. CECILIO GALLEGO,JORNADA 8,HALCONES TORREVIEJA,DRAGONS EL PUIG,,https://maps.app.goo.gl/KK4kzUyKf1AbL8247
Infantil,12/12/2026,,P. LA PEDRERA,JORNADA 9,DRAGONS EL PUIG,TITANES ELCHE,,https://maps.app.goo.gl/dhQK2rf12uF7xLHV7
Infantil,19/12/2026,,P. LA PEDRERA,JORNADA 10,DRAGONS EL PUIG,LLOPS VILA-REAL,,https://maps.app.goo.gl/dhQK2rf12uF7xLHV7
Infantil,16/01/2027,,P. LA PEDRERA,JORNADA 12,DRAGONS EL PUIG,ALAS SAGUNTO,,https://maps.app.goo.gl/dhQK2rf12uF7xLHV7
Infantil,23/01/2027,,P. LA CANALETA,JORNADA 13,DIABLOS MISLATA,DRAGONS EL PUIG,,https://maps.app.goo.gl/r2DbS6hWgpo3F9eJ8
Infantil,30/01/2027,,P.H. ALMÀSSERA,JORNADA 14,SKULLS ALPHA,DRAGONS EL PUIG,,https://maps.app.goo.gl/1oF4oZr43armdFBi6
Infantil,30/01/2027,,P.H. ALMÀSSERA,JORNADA 14,SKULLS BETA,DRAGONS EL PUIG,,https://maps.app.goo.gl/1oF4oZr43armdFBi6
Infantil,13/02/2027,,P. LA PEDRERA,JORNADA 15,DRAGONS EL PUIG,DINOS BORRIOL,,https://maps.app.goo.gl/dhQK2rf12uF7xLHV7
Infantil,20/02/2027,,I.D. GAETÁ HUGUET,JORNADA 16,HC CASTELLÓN,DRAGONS EL PUIG,,https://maps.app.goo.gl/YuYMACh4mZR5LQ7E8
Infantil,27/02/2027,,P. LA PEDRERA,JORNADA 17,DRAGONS EL PUIG,HALCONES TORREVIEJA,,https://maps.app.goo.gl/dhQK2rf12uF7xLHV7
Infantil,6/03/2027,,P. EL TOSCAR,JORNADA 18,TITANES ELCHE,DRAGONS EL PUIG,,https://maps.app.goo.gl/B3vF5ZpU5B4inDJv6
Juvenil,26/09/2026,14:30,P. MELILLA,JORNADA 1,LLOPS VILA-REAL,DRAGONS EL PUIG,11 - 4,https://maps.app.goo.gl/VZUJ5f7LFes9GiqQ8
Juvenil,4/10/2026,12:45,P. LA PEDRERA,JORNADA 3,ALAS SAGUNTO GREEN,DRAGONS EL PUIG,,https://maps.app.goo.gl/dhQK2rf12uF7xLHV7
Juvenil,4/10/2026,11:00,P. LA PEDRERA,JORNADA 3,ALAS SAGUNTO WHITE,DRAGONS EL PUIG,4 - 2,https://maps.app.goo.gl/dhQK2rf12uF7xLHV7
Juvenil,7/11/2026,18:15,P. LA PEDRERA,JORNADA 5,DRAGONS EL PUIG,SKULLS ALMASSERA,,https://maps.app.goo.gl/dhQK2rf12uF7xLHV7
Juvenil,14/11/2026,,P. M. DE BORRIOL,JORNADA 6,DINOS BORRIOL,DRAGONS EL PUIG,,https://maps.app.goo.gl/eSokdKuVDhSR7gbM8
Juvenil,21/11/2026,,P. LA PEDRERA,JORNADA 7,DRAGONS EL PUIG,HC CASTELLÓN,,https://maps.app.goo.gl/dhQK2rf12uF7xLHV7
Juvenil,29/11/2026,,P. CECILIO GALLEGO,JORNADA 8,HALCONES TORREVIEJA BLUE,DRAGONS EL PUIG,,https://maps.app.goo.gl/KK4kzUyKf1AbL8247
Juvenil,29/11/2026,,P. CECILIO GALLEGO,JORNADA 8,HALCONES TORREVIEJA WHITE,DRAGONS EL PUIG,,https://maps.app.goo.gl/KK4kzUyKf1AbL8247
Juvenil,12/12/2026,,P. LA PEDRERA,JORNADA 9,DRAGONS EL PUIG,TITANES ELCHE,,https://maps.app.goo.gl/dhQK2rf12uF7xLHV7
Juvenil,19/12/2026,,P. LA PEDRERA,JORNADA 10,DRAGONS EL PUIG,LLOPS VILA-REAL,,https://maps.app.goo.gl/dhQK2rf12uF7xLHV7
Juvenil,16/01/2027,,P. LA PEDRERA,JORNADA 12,DRAGONS EL PUIG,ALAS SAGUNTO GREEN,,https://maps.app.goo.gl/dhQK2rf12uF7xLHV7
Juvenil,16/01/2027,,P. LA PEDRERA,JORNADA 12,DRAGONS EL PUIG,ALAS SAGUNTO WHITE,,https://maps.app.goo.gl/dhQK2rf12uF7xLHV7
Juvenil,30/01/2027,,P.H. ALMÀSSERA,JORNADA 14,SKULLS ALMASSERA,DRAGONS EL PUIG,,https://maps.app.goo.gl/1oF4oZr43armdFBi6
Juvenil,13/02/2027,,P. LA PEDRERA,JORNADA 15,DRAGONS EL PUIG,DINOS BORRIOL,,https://maps.app.goo.gl/dhQK2rf12uF7xLHV7
Juvenil,20/02/2027,,I.D. GAETÁ HUGUET,JORNADA 16,HC CASTELLÓN,DRAGONS EL PUIG,,https://maps.app.goo.gl/YuYMACh4mZR5LQ7E8
Juvenil,27/02/2027,,P. LA PEDRERA,JORNADA 17,DRAGONS EL PUIG,HALCONES TORREVIEJA BLUE,,https://maps.app.goo.gl/dhQK2rf12uF7xLHV7
Juvenil,27/02/2027,,P. LA PEDRERA,JORNADA 17,DRAGONS EL PUIG,HALCONES TORREVIEJA WHITE,,https://maps.app.goo.gl/dhQK2rf12uF7xLHV7
Juvenil,6/03/2027,,P. EL TOSCAR,JORNADA 18,TITANES ELCHE,DRAGONS EL PUIG,,https://maps.app.goo.gl/B3vF5ZpU5B4inDJv6